{"uid":"b1a8273437954620fa374b796ffaacdd","name":"behaviors","children":[{"name":"test_dologin[chrome-Nggdemopro_05@yopmail.com-Pass@123]","uid":"19cfca3110b9c68f","parentUid":"b1a8273437954620fa374b796ffaacdd","status":"broken","time":{"start":1739787750695,"stop":1739787750695,"duration":0},"flaky":false,"newFailed":false,"newPassed":false,"newBroken":false,"retriesCount":4,"retriesStatusChange":true,"parameters":["'Nggdemopro_05@yopmail.com'","'chrome'","'Pass@123'"],"tags":["@pytest.mark.usefixtures('log_on_failure', 'get_browser')"]},{"name":"test_doSignUp[chrome-rohittest@yopmail.com-rohittest@yopmail.com-R-S-India-Pass@123-Pass@123]","uid":"f4881fb569d5fba1","parentUid":"b1a8273437954620fa374b796ffaacdd","status":"broken","time":{"start":1739787766551,"stop":1739787772791,"duration":6240},"flaky":false,"newFailed":false,"newPassed":false,"newBroken":false,"retriesCount":3,"retriesStatusChange":false,"parameters":["'R'","'S'","'rohittest@yopmail.com'","'India'","'Pass@123'","'rohittest@yopmail.com'","'chrome'","'Pass@123'"],"tags":["@pytest.mark.usefixtures('log_on_failure', 'get_browser')"]}]}