{"uid":"4b4757e66a1912dae1a509f688f20b0f","name":"categories","children":[{"name":"Test defects","children":[{"name":"selenium.common.exceptions.NoSuchWindowException: Message: no such window: target window already closed\nfrom unknown error: web view not found\n  (Session info: chrome=131.0.6778.264)\nStacktrace:\n#0 0x55a54c4cb1fa <unknown>\n#1 0x55a54bfdb810 <unknown>\n#2 0x55a54bfb148f <unknown>\n#3 0x55a54c0569bd <unknown>\n#4 0x55a54c06c9bc <unknown>\n#5 0x55a54c04e323 <unknown>\n#6 0x55a54c01cde0 <unknown>\n#7 0x55a54c01ddbe <unknown>\n#8 0x55a54c49712b <unknown>\n#9 0x55a54c49b0c7 <unknown>\n#10 0x55a54c4846cc <unknown>\n#11 0x55a54c49bc47 <unknown>\n#12 0x55a54c46967f <unknown>\n#13 0x55a54c4ba288 <unknown>\n#14 0x55a54c4ba450 <unknown>\n#15 0x55a54c4ca076 <unknown>\n#16 0x7fe332842609 start_thread","children":[{"name":"test_dologin[chrome-Nggdemopro_05@yopmail.com-Pass@123]","uid":"19cfca3110b9c68f","parentUid":"347267faf1a04a6695f40a103c7dc180","status":"broken","time":{"start":1739787750695,"stop":1739787750695,"duration":0},"flaky":false,"newFailed":false,"newPassed":false,"newBroken":false,"retriesCount":4,"retriesStatusChange":true,"parameters":["'Nggdemopro_05@yopmail.com'","'chrome'","'Pass@123'"],"tags":["@pytest.mark.usefixtures('log_on_failure', 'get_browser')"]}],"uid":"347267faf1a04a6695f40a103c7dc180"},{"name":"selenium.common.exceptions.ElementNotInteractableException: Message: element not interactable\n  (Session info: chrome=131.0.6778.264)\nStacktrace:\n#0 0x55d01ac131fa <unknown>\n#1 0x55d01a72366d <unknown>\n#2 0x55d01a76c90c <unknown>\n#3 0x55d01a76adb7 <unknown>\n#4 0x55d01a796582 <unknown>\n#5 0x55d01a766b38 <unknown>\n#6 0x55d01a79674e <unknown>\n#7 0x55d01a7b5007 <unknown>\n#8 0x55d01a796323 <unknown>\n#9 0x55d01a764de0 <unknown>\n#10 0x55d01a765dbe <unknown>\n#11 0x55d01abdf12b <unknown>\n#12 0x55d01abe30c7 <unknown>\n#13 0x55d01abcc6cc <unknown>\n#14 0x55d01abe3c47 <unknown>\n#15 0x55d01abb167f <unknown>\n#16 0x55d01ac02288 <unknown>\n#17 0x55d01ac02450 <unknown>\n#18 0x55d01ac12076 <unknown>\n#19 0x7f6671d82609 start_thread","children":[{"name":"test_doSignUp[chrome-rohittest@yopmail.com-rohittest@yopmail.com-R-S-India-Pass@123-Pass@123]","uid":"f4881fb569d5fba1","parentUid":"b95feaecb967f5cf854ac1553581e6ab","status":"broken","time":{"start":1739787766551,"stop":1739787772791,"duration":6240},"flaky":false,"newFailed":false,"newPassed":false,"newBroken":false,"retriesCount":3,"retriesStatusChange":false,"parameters":["'R'","'S'","'rohittest@yopmail.com'","'India'","'Pass@123'","'rohittest@yopmail.com'","'chrome'","'Pass@123'"],"tags":["@pytest.mark.usefixtures('log_on_failure', 'get_browser')"]}],"uid":"b95feaecb967f5cf854ac1553581e6ab"}],"uid":"bdbf199525818fae7a8651db9eafe741"}]}