{"uid":"83edc06c07f9ae9e47eb6dd1b683e4e2","name":"packages","children":[{"name":"test_login","children":[{"name":"test_dologin[chrome-Nggdemopro_05@yopmail.com-Pass@123]","uid":"19cfca3110b9c68f","parentUid":"03f1661ca992eb99488d3d9f2a012d80","status":"broken","time":{"start":1739787750695,"stop":1739787750695,"duration":0},"flaky":false,"newFailed":false,"newPassed":false,"newBroken":false,"retriesCount":4,"retriesStatusChange":true,"parameters":["'Nggdemopro_05@yopmail.com'","'chrome'","'Pass@123'"],"tags":["@pytest.mark.usefixtures('log_on_failure', 'get_browser')"]}],"uid":"03f1661ca992eb99488d3d9f2a012d80"},{"name":"test_signup","children":[{"name":"test_doSignUp[chrome-rohittest@yopmail.com-rohittest@yopmail.com-R-S-India-Pass@123-Pass@123]","uid":"f4881fb569d5fba1","parentUid":"2bef3571e82c5728aba4013a9d650e25","status":"broken","time":{"start":1739787766551,"stop":1739787772791,"duration":6240},"flaky":false,"newFailed":false,"newPassed":false,"newBroken":false,"retriesCount":3,"retriesStatusChange":false,"parameters":["'R'","'S'","'rohittest@yopmail.com'","'India'","'Pass@123'","'rohittest@yopmail.com'","'chrome'","'Pass@123'"],"tags":["@pytest.mark.usefixtures('log_on_failure', 'get_browser')"]}],"uid":"2bef3571e82c5728aba4013a9d650e25"}]}