{"uid":"98d3104e051c652961429bf95fa0b5d6","name":"suites","children":[{"name":"test_login","children":[{"name":"Test_login","children":[{"name":"test_dologin[chrome-Nggdemopro_05@yopmail.com-Pass@123]","uid":"19cfca3110b9c68f","parentUid":"c73554e308768e333e9bb5a039516aed","status":"broken","time":{"start":1739787750695,"stop":1739787750695,"duration":0},"flaky":false,"newFailed":false,"newPassed":false,"newBroken":false,"retriesCount":4,"retriesStatusChange":true,"parameters":["'Nggdemopro_05@yopmail.com'","'chrome'","'Pass@123'"],"tags":["@pytest.mark.usefixtures('log_on_failure', 'get_browser')"]}],"uid":"c73554e308768e333e9bb5a039516aed"}],"uid":"7db21133bf389fa43eef71e3fe0b0e68"},{"name":"test_signup","children":[{"name":"Test_SignUp","children":[{"name":"test_doSignUp[chrome-rohittest@yopmail.com-rohittest@yopmail.com-R-S-India-Pass@123-Pass@123]","uid":"f4881fb569d5fba1","parentUid":"82b6bc062fd702d069aaef93d2bf0816","status":"broken","time":{"start":1739787766551,"stop":1739787772791,"duration":6240},"flaky":false,"newFailed":false,"newPassed":false,"newBroken":false,"retriesCount":3,"retriesStatusChange":false,"parameters":["'R'","'S'","'rohittest@yopmail.com'","'India'","'Pass@123'","'rohittest@yopmail.com'","'chrome'","'Pass@123'"],"tags":["@pytest.mark.usefixtures('log_on_failure', 'get_browser')"]}],"uid":"82b6bc062fd702d069aaef93d2bf0816"}],"uid":"56e6dd00945b40ba6bc0e1b2b518ba4f"}]}