{"uid":"ab17fc5a4eb3bca4b216b548c7f9fcbc","name":"timeline","children":[{"name":"7047--CNM--GGN","children":[{"name":"24249-MainThread","children":[{"name":"test_dologin[chrome-Nggdemopro_05@yopmail.com-Pass@123]","uid":"1fab5ce6a3c1d73e","parentUid":"e2de2e7bce2c55a97bedeea77f3b550b","status":"passed","time":{"start":1739783935222,"stop":1739783957617,"duration":22395},"flaky":false,"newFailed":false,"newPassed":false,"newBroken":false,"retriesCount":0,"retriesStatusChange":false,"parameters":["'Nggdemopro_05@yopmail.com'","'chrome'","'Pass@123'"],"tags":["@pytest.mark.usefixtures('log_on_failure', 'get_browser')"]}],"uid":"e2de2e7bce2c55a97bedeea77f3b550b"},{"name":"8979-MainThread","children":[{"name":"test_dologin[chrome-Nggdemopro_05@yopmail.com-Pass@123]","uid":"8774e5a189cd5ab8","parentUid":"d48b14a9aee274a7f53dd30a2656a619","status":"passed","time":{"start":1739786983189,"stop":1739787009636,"duration":26447},"flaky":false,"newFailed":false,"newPassed":false,"newBroken":false,"retriesCount":0,"retriesStatusChange":false,"parameters":["'Nggdemopro_05@yopmail.com'","'chrome'","'Pass@123'"],"tags":["@pytest.mark.usefixtures('log_on_failure', 'get_browser')"]},{"name":"test_doSignUp[chrome-rohittest@yopmail.com-rohittest@yopmail.com-R-S-India-Pass@123-Pass@123]","uid":"85e727ca3a5f8a5f","parentUid":"d48b14a9aee274a7f53dd30a2656a619","status":"broken","time":{"start":1739787015278,"stop":1739787021816,"duration":6538},"flaky":false,"newFailed":false,"newPassed":false,"newBroken":false,"retriesCount":0,"retriesStatusChange":false,"parameters":["'R'","'S'","'rohittest@yopmail.com'","'India'","'Pass@123'","'rohittest@yopmail.com'","'chrome'","'Pass@123'"],"tags":["@pytest.mark.usefixtures('log_on_failure', 'get_browser')"]}],"uid":"d48b14a9aee274a7f53dd30a2656a619"},{"name":"11688-MainThread","children":[{"name":"test_doSignUp[chrome-rohittest@yopmail.com-rohittest@yopmail.com-R-S-India-Pass@123-Pass@123]","uid":"f4881fb569d5fba1","parentUid":"33d1708f73cea6c581147a451066aadd","status":"broken","time":{"start":1739787766551,"stop":1739787772791,"duration":6240},"flaky":false,"newFailed":false,"newPassed":false,"newBroken":false,"retriesCount":3,"retriesStatusChange":false,"parameters":["'R'","'S'","'rohittest@yopmail.com'","'India'","'Pass@123'","'rohittest@yopmail.com'","'chrome'","'Pass@123'"],"tags":["@pytest.mark.usefixtures('log_on_failure', 'get_browser')"]},{"name":"test_dologin[chrome-Nggdemopro_05@yopmail.com-Pass@123]","uid":"19cfca3110b9c68f","parentUid":"33d1708f73cea6c581147a451066aadd","status":"broken","time":{"start":1739787750695,"stop":1739787750695,"duration":0},"flaky":false,"newFailed":false,"newPassed":false,"newBroken":false,"retriesCount":4,"retriesStatusChange":true,"parameters":["'Nggdemopro_05@yopmail.com'","'chrome'","'Pass@123'"],"tags":["@pytest.mark.usefixtures('log_on_failure', 'get_browser')"]}],"uid":"33d1708f73cea6c581147a451066aadd"},{"name":"8635-MainThread","children":[{"name":"test_dologin[chrome-Nggdemopro_05@yopmail.com-Pass@123]","uid":"f65ada1d27217026","parentUid":"bd3df3ed37513409132a8059e0ff43af","status":"broken","time":{"start":1739786956995,"stop":1739786956995,"duration":0},"flaky":false,"newFailed":false,"newPassed":false,"newBroken":false,"retriesCount":0,"retriesStatusChange":false,"parameters":["'Nggdemopro_05@yopmail.com'","'chrome'","'Pass@123'"],"tags":["@pytest.mark.usefixtures('log_on_failure', 'get_browser')"]},{"name":"test_doSignUp[chrome-rohittest@yopmail.com-rohittest@yopmail.com-R-S-India-Pass@123-Pass@123]","uid":"c39aa2105b9dcff3","parentUid":"bd3df3ed37513409132a8059e0ff43af","status":"broken","time":{"start":1739786959900,"stop":1739786959900,"duration":0},"flaky":false,"newFailed":false,"newPassed":false,"newBroken":false,"retriesCount":0,"retriesStatusChange":false,"parameters":["'R'","'S'","'rohittest@yopmail.com'","'India'","'Pass@123'","'rohittest@yopmail.com'","'chrome'","'Pass@123'"],"tags":["@pytest.mark.usefixtures('log_on_failure', 'get_browser')"]}],"uid":"bd3df3ed37513409132a8059e0ff43af"},{"name":"25229-MainThread","children":[{"name":"test_dologin[chrome-Nggdemopro_05@yopmail.com-Pass@123]","uid":"44c0d3ed2d864d78","parentUid":"e157207945bbed619ccbfcce2df261d4","status":"passed","time":{"start":1739784227156,"stop":1739784249357,"duration":22201},"flaky":false,"newFailed":false,"newPassed":false,"newBroken":false,"retriesCount":0,"retriesStatusChange":false,"parameters":["'Nggdemopro_05@yopmail.com'","'chrome'","'Pass@123'"],"tags":["@pytest.mark.usefixtures('log_on_failure', 'get_browser')"]},{"name":"test_doSignUp[chrome-rohittest@yopmail.com-rohittest@yopmail.com-R-S-India-Pass@123-Pass@123]","uid":"88722b65387466df","parentUid":"e157207945bbed619ccbfcce2df261d4","status":"broken","time":{"start":1739784257107,"stop":1739784264458,"duration":7351},"flaky":false,"newFailed":false,"newPassed":false,"newBroken":false,"retriesCount":0,"retriesStatusChange":false,"parameters":["'R'","'S'","'rohittest@yopmail.com'","'India'","'Pass@123'","'rohittest@yopmail.com'","'chrome'","'Pass@123'"],"tags":["@pytest.mark.usefixtures('log_on_failure', 'get_browser')"]}],"uid":"e157207945bbed619ccbfcce2df261d4"}],"uid":"4f5a64f44a61dd3c9d7e13e84fe062b9"}]}